{
    "progression_percentage": 1.5716016152587824,
    "standard_error": 0.3545055275952079,
    "average_steps": 1889.2,
    "episodes_played": 5,
    "tasks": {
        "NetHackChallenge-v0": {
            "progression_percentage": 1.5716016152587824,
            "standard_error": 0.3545055275952079,
            "episodes_played": 5
        }
    },
    "input_tokens": 58336747,
    "output_tokens": 267299
}